{
  "hash": "0e20a6fd",
  "configHash": "e133c21a",
  "lockfileHash": "6b0c36f6",
  "browserHash": "f73e0da1",
  "optimized": {
    "@angular/common": {
      "src": "../../../../../node_modules/@angular/common/fesm2022/common.mjs",
      "file": "@angular_common.js",
      "fileHash": "48060ef1",
      "needsInterop": false
    },
    "@angular/common/http": {
      "src": "../../../../../node_modules/@angular/common/fesm2022/http.mjs",
      "file": "@angular_common_http.js",
      "fileHash": "b4510885",
      "needsInterop": false
    },
    "@angular/core": {
      "src": "../../../../../node_modules/@angular/core/fesm2022/core.mjs",
      "file": "@angular_core.js",
      "fileHash": "d74a6a9f",
      "needsInterop": false
    },
    "@angular/forms": {
      "src": "../../../../../node_modules/@angular/forms/fesm2022/forms.mjs",
      "file": "@angular_forms.js",
      "fileHash": "295006ef",
      "needsInterop": false
    },
    "@angular/material/button": {
      "src": "../../../../../node_modules/@angular/material/fesm2022/button.mjs",
      "file": "@angular_material_button.js",
      "fileHash": "47361c45",
      "needsInterop": false
    },
    "@angular/material/form-field": {
      "src": "../../../../../node_modules/@angular/material/fesm2022/form-field.mjs",
      "file": "@angular_material_form-field.js",
      "fileHash": "a29abf2d",
      "needsInterop": false
    },
    "@angular/material/icon": {
      "src": "../../../../../node_modules/@angular/material/fesm2022/icon.mjs",
      "file": "@angular_material_icon.js",
      "fileHash": "64c3d98c",
      "needsInterop": false
    },
    "@angular/material/input": {
      "src": "../../../../../node_modules/@angular/material/fesm2022/input.mjs",
      "file": "@angular_material_input.js",
      "fileHash": "5b8c42aa",
      "needsInterop": false
    },
    "@angular/material/slide-toggle": {
      "src": "../../../../../node_modules/@angular/material/fesm2022/slide-toggle.mjs",
      "file": "@angular_material_slide-toggle.js",
      "fileHash": "6ed6f501",
      "needsInterop": false
    },
    "@angular/material/snack-bar": {
      "src": "../../../../../node_modules/@angular/material/fesm2022/snack-bar.mjs",
      "file": "@angular_material_snack-bar.js",
      "fileHash": "6263c9b6",
      "needsInterop": false
    },
    "@angular/platform-browser": {
      "src": "../../../../../node_modules/@angular/platform-browser/fesm2022/platform-browser.mjs",
      "file": "@angular_platform-browser.js",
      "fileHash": "7332854b",
      "needsInterop": false
    },
    "@angular/platform-browser/animations/async": {
      "src": "../../../../../node_modules/@angular/platform-browser/fesm2022/animations/async.mjs",
      "file": "@angular_platform-browser_animations_async.js",
      "fileHash": "0b93b7eb",
      "needsInterop": false
    },
    "@angular/router": {
      "src": "../../../../../node_modules/@angular/router/fesm2022/router.mjs",
      "file": "@angular_router.js",
      "fileHash": "56205968",
      "needsInterop": false
    },
    "@fortawesome/angular-fontawesome": {
      "src": "../../../../../node_modules/@fortawesome/angular-fontawesome/fesm2022/angular-fontawesome.mjs",
      "file": "@fortawesome_angular-fontawesome.js",
      "fileHash": "337e0a59",
      "needsInterop": false
    },
    "@fortawesome/free-solid-svg-icons": {
      "src": "../../../../../node_modules/@fortawesome/free-solid-svg-icons/index.mjs",
      "file": "@fortawesome_free-solid-svg-icons.js",
      "fileHash": "eecb36a2",
      "needsInterop": false
    },
    "@angular/material/dialog": {
      "src": "../../../../../node_modules/@angular/material/fesm2022/dialog.mjs",
      "file": "@angular_material_dialog.js",
      "fileHash": "2773b0b6",
      "needsInterop": false
    },
    "rxjs": {
      "src": "../../../../../node_modules/rxjs/dist/esm5/index.js",
      "file": "rxjs.js",
      "fileHash": "60c2bc3f",
      "needsInterop": false
    },
    "@fortawesome/free-regular-svg-icons": {
      "src": "../../../../../node_modules/@fortawesome/free-regular-svg-icons/index.mjs",
      "file": "@fortawesome_free-regular-svg-icons.js",
      "fileHash": "994f8b64",
      "needsInterop": false
    }
  },
  "chunks": {
    "browser-ZK6V3CVQ": {
      "file": "browser-ZK6V3CVQ.js"
    },
    "chunk-QOQP6DQH": {
      "file": "chunk-QOQP6DQH.js"
    },
    "chunk-YCRG6UPP": {
      "file": "chunk-YCRG6UPP.js"
    },
    "chunk-GOHWKK6G": {
      "file": "chunk-GOHWKK6G.js"
    },
    "chunk-YFMT4I42": {
      "file": "chunk-YFMT4I42.js"
    },
    "chunk-XLTLVR4O": {
      "file": "chunk-XLTLVR4O.js"
    },
    "chunk-WHQN3LCK": {
      "file": "chunk-WHQN3LCK.js"
    },
    "chunk-GDKXE4HU": {
      "file": "chunk-GDKXE4HU.js"
    },
    "chunk-U6K5A57X": {
      "file": "chunk-U6K5A57X.js"
    },
    "chunk-Y47LDSAP": {
      "file": "chunk-Y47LDSAP.js"
    },
    "chunk-OGG47DLR": {
      "file": "chunk-OGG47DLR.js"
    },
    "chunk-DKHFQK2K": {
      "file": "chunk-DKHFQK2K.js"
    },
    "chunk-J4B6MK7R": {
      "file": "chunk-J4B6MK7R.js"
    }
  }
}